{
  "project_info": {
    "project_number": "523522040512",
    "project_id": "iotssc-project-303420",
    "storage_bucket": "iotssc-project-303420.appspot.com"
  },
  "client": [
    {
      "client_info": {
        "mobilesdk_app_id": "1:523522040512:android:2d35e756832944cc610325",
        "android_client_info": {
          "package_name": "com.example.iotssc_app"
        }
      },
      "oauth_client": [
        {
          "client_id": "523522040512-5tjt12c2tcq3hnr4lceq56rl4ofg0hcf.apps.googleusercontent.com",
          "client_type": 3
        }
      ],
      "api_key": [
        {
          "current_key": "AIzaSyAos1X4BAEBLFILmF0h6WXccMG_l-vvoXg"
        }
      ],
      "services": {
        "appinvite_service": {
          "other_platform_oauth_client": [
            {
              "client_id": "523522040512-5tjt12c2tcq3hnr4lceq56rl4ofg0hcf.apps.googleusercontent.com",
              "client_type": 3
            }
          ]
        }
      }
    }
  ],
  "configuration_version": "1"
}